Workbook

Sheet Avg
A1: Currencies | C1: Buy | G1: Sell
A2: C1 | B2: C2 | C2: Amount C1 | D2: Price C2 | E2: Amount C2 | G2: Amount C2 | H2: Price C2 | I2: Amount C1 | K2: Plan revenue | L2: Avg price C1 | M2: Invested C1 | N2: Price C2 | O2: In deal C2 | P2: In deal C1 | Q2: Fact revenue
A3: USDT | B3: ETH | C3: 235 | D3: 2046.54 | E3: =ROUND(C3/D3,8) -> 0.11482795 | F3: done | G3: 0.13892 | H3: 3365.56 | I3: =G3*H3 -> 467.5436 | J3: done | K3: =-SUM(C3:C6)+SUM(I3:I6) -> 1200.1779 | L3: =SUMIF(F3:F6,"done",C3:C6)/SUMIF(F3:F6,"done",E3:E6) -> 1688.1925 | M3: =SUMIF(F3:F6, "done", C3:C6) -> 940 | N3: =ROUND(SUMIF(Currencies!A:A,B3,Currencies!D:D)/SUMIF(Currencies!A:A,A3,Currencies!D:D),8) -> 2038.56 | O3: =-SUMIF(J3:J6,"done",G3:G6)+SUMIF(F3:F6,"done",E3:E6) -> 0.14074855 | P3: =O3*N3 -> 286.92436 | Q3: =-SUMIF(F3:F6,"done",C3:C6)+SUMIF(J3:J6,"done",I3:I6)+P3 -> 910.30222
C4: 235 | D4: 1796.09 | E4: =ROUND(C4/D4,8) -> 0.13083977 | F4: done | G4: 0.13753 | H4: 3872.61 | I4: =G4*H4 -> 532.60005 | J4: done
C5: 470 | D5: 1510.57 | E5: =ROUND(C5/D5,8) -> 0.31114083 | F5: done | G5: 0.13961 | H5: 4034.34 | I5: =G5*H5 -> 563.23421 | J5: done
G6: 0.14 | H6: 4120 | I6: =G6*H6 -> 576.8 | J6: plan
A8: USDT | B8: TON | C8: 300 | D8: 2.777 | E8: =ROUND(C8/D8,8) -> 108.03025 | F8: done | G8: 200 | H8: 2 | I8: =G8*H8 -> 400 | J8: plan | K8: =-SUM(C8:C11)+SUM(I8:I11) -> 1105 | L8: =SUMIF(F8:F11,"done",C8:C11)/SUMIF(F8:F11,"done",E8:E11) -> 1.8627545 | M8: =SUMIF(F8:F11, "done", C8:C11) -> 1850 | N8: =ROUND(SUMIF(Currencies!A:A,B8,Currencies!D:D)/SUMIF(Currencies!A:A,A8,Currencies!D:D),8) -> 1.95 | O8: =-SUMIF(J8:J11,"done",G8:G11)+SUMIF(F8:F11,"done",E8:E11) -> 993.15287 | P8: =O8*N8 -> 1936.6481 | Q8: =-SUMIF(F8:F11,"done",C8:C11)+SUMIF(J8:J11,"done",I8:I11)+P8 -> 86.648091
C9: 300 | D9: 2.2 | E9: =ROUND(C9/D9,8) -> 136.36364 | F9: done | G9: 250 | H9: 2.5 | I9: =G9*H9 -> 625 | J9: plan
C10: 600 | D10: 1.88 | E10: =ROUND(C10/D10,8) -> 319.14894 | F10: done | G10: 300 | H10: 3.1 | I10: =G10*H10 -> 930 | J10: plan
C11: 650 | D11: 1.513 | E11: =ROUND(C11/D11,8) -> 429.61005 | F11: done | G11: 250 | H11: 4 | I11: =G11*H11 -> 1000 | J11: plan

Sheet Trading
A1: Date | B1: From | C1: To | D1: Amount from | E1: Leverage | F1: Amount to | G1: Price | H1: Comment | I1: Real price | J1: USD now from | K1: USD now to | L1: Now/close price | M1: Earned from | N1: Earned USD | O1: Status
A2: 45704 | B2: USDT | C2: ETH | D2: 231.65 | E2: 3.5 | F2: 0.3 | G2: 2695.95 | I2: =ROUND($D2*$E2/$F2, 8) -> 2702.5833 | J2: =SUMIF(Currencies!$A:$A,$B2,Currencies!$D:$D) -> 1 | K2: =SUMIF(Currencies!$A:$A,$C2,Currencies!$D:$D) -> 2038.56 | L2: =ROUND($K2/$J2,8) -> 2038.56 | M2: =IF($O2="Avg", 0, IF($O2="Liquidated", -D2, $F2*$L2-$D2*$E2)) -> -231.65 | N2: =M2*J2 -> -231.65 | O2: Liquidated
A3: 45736 | B3: USDT | C3: ETH | D3: 235 | E3: 1 | F3: 0.1145135 | G3: 2046.54 | I3: =ROUND($D3*$E3/$F3, 8) -> 2052.1598 | J3: =SUMIF(Currencies!$A:$A,$B3,Currencies!$D:$D) -> 1 | K3: =SUMIF(Currencies!$A:$A,$C3,Currencies!$D:$D) -> 2038.56 | L3: =ROUND($K3/$J3,8) -> 2038.56 | M3: =IF($O3="Avg", 0, IF($O3="Liquidated", -D3, $F3*$L3-$D3*$E3)) -> -1.5573594 | N3: =M3*J3 -> -1.5573594 | O3: Opened
A4: 45750 | B4: USDT | C4: ETH | D4: 235 | E4: 1 | F4: 0.13083 | G4: 1796.09 | I4: =ROUND($D4*$E4/$F4, 8) -> 1796.2241 | J4: =SUMIF(Currencies!$A:$A,$B4,Currencies!$D:$D) -> 1 | K4: =SUMIF(Currencies!$A:$A,$C4,Currencies!$D:$D) -> 2038.56 | L4: =ROUND($K4/$J4,8) -> 2038.56 | M4: =IF($O4="Avg", 0, IF($O4="Liquidated", -D4, $F4*$L4-$D4*$E4)) -> 31.704805 | N4: =M4*J4 -> 31.704805 | O4: Opened
A5: 45754 | B5: USDT | C5: ETH | D5: 470 | E5: 1 | F5: 0.31114 | G5: 1510.57 | I5: =ROUND($D5*$E5/$F5, 8) -> 1510.574 | J5: =SUMIF(Currencies!$A:$A,$B5,Currencies!$D:$D) -> 1 | K5: =SUMIF(Currencies!$A:$A,$C5,Currencies!$D:$D) -> 2038.56 | L5: =ROUND($K5/$J5,8) -> 2038.56 | M5: =IF($O5="Avg", 0, IF($O5="Liquidated", -D5, $F5*$L5-$D5*$E5)) -> 164.27756 | N5: =M5*J5 -> 164.27756 | O5: Opened
A6: 45855 | B6: ETH | C6: USDT | D6: 0.13892 | E6: 1 | F6: 467.5436 | G6: 3365.56 | I6: =ROUND($F6/($D6*$E6), 8) -> 3365.56 | J6: =SUMIF(Currencies!$A:$A,$B6,Currencies!$D:$D) -> 2038.56 | K6: =SUMIF(Currencies!$A:$A,$C6,Currencies!$D:$D) -> 1 | L6: =ROUND($K6/$J6,8) -> 0.00049054 | M6: =IF($O6="Avg", 0, IF($O6="Liquidated", -D6, $F6*$L6-$D6*$E6)) -> 0.090428835 | N6: =M6*J6 -> 184.34461 | O6: Opened
A7: 45877 | B7: ETH | C7: USDT | D7: 0.13753 | E7: 1 | F7: 532.60005 | G7: 3872.61 | I7: =ROUND($F7/($D7*$E7), 8) -> 3872.61 | J7: =SUMIF(Currencies!$A:$A,$B7,Currencies!$D:$D) -> 2038.56 | K7: =SUMIF(Currencies!$A:$A,$C7,Currencies!$D:$D) -> 1 | L7: =ROUND($K7/$J7,8) -> 0.00049054 | M7: =IF($O7="Avg", 0, IF($O7="Liquidated", -D7, $F7*$L7-$D7*$E7)) -> 0.12373163 | N7: =M7*J7 -> 252.23435 | O7: Opened
A8: 45878 | B8: ETH | C8: USDT | D8: 0.13961 | E8: 1 | F8: 563.19 | G8: 4034.34 | I8: =ROUND($F8/($D8*$E8), 8) -> 4034.0234 | J8: =SUMIF(Currencies!$A:$A,$B8,Currencies!$D:$D) -> 2038.56 | K8: =SUMIF(Currencies!$A:$A,$C8,Currencies!$D:$D) -> 1 | L8: =ROUND($K8/$J8,8) -> 0.00049054 | M8: =IF($O8="Avg", 0, IF($O8="Liquidated", -D8, $F8*$L8-$D8*$E8)) -> 0.13665722 | N8: =M8*J8 -> 278.58395 | O8: Opened
A9: 45939 | B9: USDT | C9: TON | D9: 300 | E9: 1 | F9: =71.88+36.15 -> 108.03 | G9: 2.777 | I9: =ROUND($D9*$E9/$F9, 8) -> 2.7770064 | J9: =SUMIF(Currencies!$A:$A,$B9,Currencies!$D:$D) -> 1 | K9: =SUMIF(Currencies!$A:$A,$C9,Currencies!$D:$D) -> 1.95 | L9: =ROUND($K9/$J9,8) -> 1.95 | M9: =IF($O9="Avg", 0, IF($O9="Liquidated", -D9, $F9*$L9-$D9*$E9)) -> -89.3415 | N9: =M9*J9 -> -89.3415 | O9: Opened
A10: 45970 | B10: USDT | C10: TON | D10: 300 | E10: 1 | F10: 136.36 | G10: 2.2 | I10: =ROUND($D10*$E10/$F10, 8) -> 2.2000587 | J10: =SUMIF(Currencies!$A:$A,$B10,Currencies!$D:$D) -> 1 | K10: =SUMIF(Currencies!$A:$A,$C10,Currencies!$D:$D) -> 1.95 | L10: =ROUND($K10/$J10,8) -> 1.95 | M10: =IF($O10="Avg", 0, IF($O10="Liquidated", -D10, $F10*$L10-$D10*$E10)) -> -34.098 | N10: =M10*J10 -> -34.098 | O10: Opened
N11: =SUM(N2:N10) -> 554.49841

Sheet Currencies
A1: Cur | B1: My price | C1: Now price | D1: Price
A2: USDT | C2: =IFERROR(__xludf.DUMMYFUNCTION("ROUND(IMPORTDATA(CONCAT(""https://cryptoprices.cc/"", $A2)), 2)"),1.0) -> 1 | D2: =IF($B2=0,C2,B2) -> 1
A3: ETH | B3: 2038.56 | C3: =IFERROR(__xludf.DUMMYFUNCTION("ROUND(IMPORTDATA(CONCAT(""https://cryptoprices.cc/"", $A3)), 2)"),2110.04) -> 2110.04 | D3: =IF($B3=0,C3,B3) -> 2038.56
A4: TON | C4: =IFERROR(__xludf.DUMMYFUNCTION("ROUND(IMPORTDATA(CONCAT(""https://cryptoprices.cc/"", $A4)), 2)"),1.95) -> 1.95 | D4: =IF($B4=0,C4,B4) -> 1.95

Sheet Notes
A1: Watch for: | B1: TON

Sheet Avg old
A1: Date first buy | B1: 45736 | C1: 45939
A2: From | B2: USDT | C2: USDT
A3: To | B3: ETH | C3: TON
A4: Pos 0 price | B4: 2046.54 | C4: 2.777
A5: Pos 0 amount | B5: 235 | C5: 300
A7: Pos 1 price | B7: 1800 | C7: 2.2
A8: Pos 1 percent | B8: 1 | C8: 1
A9: Pos 1 amount | B9: 235 | C9: 300
A10: Pos 1 max | B10: =B5*B8 -> 235 | C10: =C5*C8 -> 300
A11: Pos 1 max full | B11: =B5+B10 -> 470 | C11: =C5+C10 -> 600
A12: Pos 2 price | B12: 1500 | C12: 2
A13: Pos 2 percent | B13: 2 | C13: 2
A14: Pos 2 amount | B14: 470 | C14: 600
A15: Pos 2 max | B15: =B10*B13 -> 470 | C15: =C10*C13 -> 600
A16: Pos 2 max full | B16: =B11+B15 -> 940 | C16: =C11+C15 -> 1200
A17: Pos 3 price | B17: 1100 | C17: 1.5
A18: Pos 3 percent | B18: 2 | C18: 2
A19: Pos 3 amount
A20: Pos 3 max | B20: =B15*B18 -> 940 | C20: =C15*C18 -> 1200
A21: Pos 3 max full | B21: =B16+B20 -> 1880 | C21: =C16+C20 -> 2400
A22: NELZA DALSHE
A24: Buyed from | B24: =IF(B4,B5,0)+IF(B7,B9,0)+IF(B12,B14,0)+IF(B17,B19,0) -> 940 | C24: =IF(C4,C5,0)+IF(C7,C9,0)+IF(C12,C14,0)+IF(C17,C19,0) -> 1200
A25: Buyed to | B25: =IF(B$4,B$5/B$4,0)+IF(B$7,B$9/B$7,0)+IF(B$12,B$14/B$12,0)+IF(B$17,B$19/B$17,0) -> 0.55871684 | C25: =IF(C$4,C$5/C$4,0)+IF(C$7,C$9/C$7,0)+IF(C$12,C$14/C$12,0)+IF(C$17,C$19/C$17,0) -> 544.39388
A26: Average price | B26: =B24/B25 -> 1682.4265 | C26: =C24/C25 -> 2.2042863
A27: Planned sell 1/4 | B27: 3365 | C27: 3.2
A28: Planned sell 2/4 | B28: 3872 | C28: 3.5
A29: Planned sell 3/4 | B29: 4034.34 | C29: 3.7
A30: Planned sell 4/4 | B30: 4500 | C30: 4
A31: Planned earn | B31: =B25*(B27/4+B28/4+B29/4+B30/4)-B24 -> 1262.9283 | C31: =C25*(C27/4+C28/4+C29/4+C30/4)-C24 -> 759.81799
